INSERT INTO seizmolog (ime, prezime, email, lozinka, uloga, prva_prijava)
	VALUES 
		('Admin', 'Admin', 'admin@posao', 'lozinka', 'admin', 0),
		('Ana', 'Anić', 'znanstvenik@posao', 'lozinka', 'znanstvenik', 0),
		('Jenine', 'Mcdoe', 'seizmolog@pmf', 'lozinka', 'znanstvenik', 1);

INSERT INTO pitanje (idPitanje, tekstPitanje)
	VALUES 
		(1, 'U zatvorenom prostru potres su osjetili:'),
		(2, 'Na otvorenom potres su osjetili:'),
		(3, 'Mali predmeti (knjige, vaze, . . . ):'),
		(4, 'Prozori i vrata:'),
		(5, 'Obješeni predmeti:'),
		(6, 'Usnule ljude potres:'),
		(7, 'Jesu li ljudi bježali van za vrijeme potresa?'),
		(8, 'Jesu li zvonila zvona?'),
		(9, 'Koliko se zgrada u Vašem mjestu posve srušilo?'),
		(10, 'Je li pucala zemlja?');

INSERT INTO odgovor (idOdgovor, idPitanje, tekstOdgovor, intenzitetOdgovor)
	VALUES 
		(1, 1, 'nitko', 1),
		(2, 1, 'pojedinci', 2),
		(3, 1, 'mnogi', 3),
		(4, 1, 'većina', 5),
		(5, 2, 'nitko', 3),
		(6, 2, 'pojedinci', 4),
		(7, 2, 'mnogi', 4),
		(8, 2, 'većina', 6),
		(9, 3, 'se nisu tresli', 1),
		(10, 3, 'su se tresli slabo', 3),
		(11, 3, 'su se tresli umjereno', 4),
		(12, 3, 'su se tresli jako', 4),
		(13, 3, 'su se pomicali', 5),
		(14, 3, 'su padali', 8),
		(15, 4, 'se nisu tresli', 2),
		(16, 4, 'su se tresli', 3),
		(17, 4, 'su zvečali', 4),
		(18, 4, 'su udarali', 5),
		(19, 4, 'su se otvarali i zatvarali', 5),
		(20, 4, 'su se razbili', 6),
		(21, 5, 'se nisu njihali', 2),
		(22, 5, 'su se slabo se njihali', 3),
		(23, 5, 'su se umjereno njihali', 4),
		(24, 5, 'su se jako njihali', 5),
		(25, 5, 'su padali', 6),
		(26, 6, 'nije budio', 3),
		(27, 6, 'budio je pojedince', 4),
		(28, 6, 'budio je mnoge', 5),
		(29, 6, 'budio je većinu', 6),
		(30, 7, 'ne', 4),
		(31, 7, 'pojedinci', 5),
		(32, 7, 'mnogi', 6),
		(33, 7, 'većina', 7),
		(34, 8, 'nisu', 3),
		(35, 8, 'zvonila mala zvona', 6),
		(36, 8, 'zvonila velika zvona', 7),
		(37, 9, 'niti jedna', 3),
		(38, 9, 'poneka', 5),
		(39, 9, 'mnoge', 10),
		(40, 9, 'većina', 11),
		(41, 9, 'sve', 12),
		(42, 10, 'je', 8),
		(43, 10, 'nije', 3);
		
INSERT INTO mjesto (nazivMjesto, lat, long)
	VALUES 
		('Zagreb', 45.815, 15.9819),
		('Velika Gorica', 45.7142, 16.0752),
		('Split', 43.5081, 16.4402),
		('Trogir',43.5164, 16.2502),
		('Šibenik', 43.7350, 15.8952),
		('Omiš', 43.4434, 16.6929),
		('Primošten', 43.5867, 15.9230),
		('Kutina', 45.4793, 16.7763),
		('Sisak', 45.4851, 16.3731),
		('Blinja', 45.3562, 16.3697),
		('Daruvar', 45.592895, 17.223685),
		('Karlovac', 45.4929, 15.5553),
		('Petrinja', 45.4423, 16.2769);

INSERT INTO potres (idPotres, intenzitet, magnituda, nazivPotres, datum, vrijeme, novi)
	VALUES 
		(1, 6, 3, 'Petrinja123', '12-3-2021', '12:19', 0);

INSERT INTO upitnik (idUpitnik, intenzitetUpitnik, datum, vrijeme, idPotres, nazivMjesto)
	VALUES 
		(1,5, CURRENT_DATE, '18:50', 1, 'Petrinja'),
		(2,7, CURRENT_DATE, '18:50', 1, 'Petrinja'),
		(3,9, CURRENT_DATE, '18:50', 1, 'Petrinja'),
		(4,7, CURRENT_DATE, '18:50', 1, 'Petrinja'),
		(5,6, CURRENT_DATE, '18:50', 1, 'Petrinja'),
		(6,8, CURRENT_DATE, '18:50', 1, 'Kutina'),
		(7,8,CURRENT_DATE, '18:50', 1, 'Kutina'),
		(8,7,CURRENT_DATE, '18:50', 1, 'Kutina'),
		(9,8, CURRENT_DATE, CURRENT_TIME, 1, 'Sisak'),
		(10,5, CURRENT_DATE, CURRENT_TIME, 1, 'Sisak'),
		(11,9, CURRENT_DATE, CURRENT_TIME, 1, 'Sisak'),
		(12,6, CURRENT_DATE, CURRENT_TIME, 1, 'Sisak'),
		(13,7, CURRENT_DATE, CURRENT_TIME, 1, 'Sisak'),
		(14,5, CURRENT_DATE, CURRENT_TIME, 1, 'Blinja'),
		(15,5, CURRENT_DATE, CURRENT_TIME, 1, 'Blinja'),
		(16,7, CURRENT_DATE, CURRENT_TIME, 1, 'Blinja');
		

INSERT INTO ispunjeni_upitnici (idUpitnik, idOdgovor, idPitanje)
	VALUES
		(1, 1, 1),
		(1, 7, 2),
		(1, 14, 3),
		(1, 15, 4),
		(1, 21, 5),
		(1, 26, 6),
		(1, 30, 7),
		(1, 35, 8),
		(1, 38, 9),
		(1, 43, 10),
		(2, 2, 1),
		(2, 8, 2),
		(2, 14, 3),
		(2, 15, 4),
		(2, 21, 5),
		(2, 26, 6),
		(2, 30, 7),
		(2, 35, 8),
		(2, 38, 9),
		(2, 42, 10),
		(3, 1, 1),
		(3, 6, 2),
		(3, 14, 3),
		(3, 15, 4),
		(3, 21, 5),
		(3, 26, 6),
		(3, 30, 7),
		(3, 35, 8),
		(3, 38, 9),
		(3, 42, 10),
		(4, 1, 1),
		(4, 8, 2),
		(4, 14, 3),
		(4, 15, 4),
		(4, 21, 5),
		(4, 26, 6),
		(4, 30, 7),
		(4, 35, 8),
		(4, 38, 9),
		(4, 43, 10),
		(5, 1, 1),
		(5, 5, 2),
		(5, 9, 3),
		(5, 15, 4),
		(5, 21, 5),
		(5, 26, 6),
		(5, 30, 7),
		(5, 34, 8),
		(5, 37, 9),
		(5, 42, 10),
		(6, 1, 1),
		(6, 5, 2),
		(6, 9, 3),
		(6, 15, 4),
		(6, 21, 5),
		(6, 26, 6),
		(6, 30, 7),
		(6, 34, 8),
		(6, 37, 9),
		(6, 42, 10),
		(7, 1, 1),
		(7, 5, 2),
		(7, 9, 3),
		(7, 15, 4),
		(7, 21, 5),
		(7, 26, 6),
		(7, 30, 7),
		(7, 34, 8),
		(7, 37, 9),
		(7, 42, 10),
		(8, 1, 1),
		(8, 5, 2),
		(8, 14, 3),
		(8, 15, 4),
		(8, 21, 5),
		(8, 26, 6),
		(8, 30, 7),
		(8, 35, 8),
		(8, 38, 9),
		(8, 42, 10),
		(9, 2, 1),
		(9, 6, 2),
		(9, 10, 3),
		(9, 16, 4),
		(9, 22, 5),
		(9, 27, 6),
		(9, 31, 7),
		(9, 35, 8),
		(9, 38, 9),
		(9, 42, 10),
		(10, 2, 1),
		(10, 6, 2),
		(10, 10, 3),
		(10, 16, 4),
		(10, 22, 5),
		(10, 27, 6),
		(10, 31, 7),
		(10, 35, 8),
		(10, 38, 9),
		(10, 42, 10),
		(11, 2, 1),
		(11, 6, 2),
		(11, 10, 3),
		(11, 16, 4),
		(11, 22, 5),
		(11, 26, 6),
		(11, 30, 7),
		(11, 34, 8),
		(11, 37, 9),
		(11, 42, 10),
		(12, 2, 1),
		(12, 6, 2),
		(12, 10, 3),
		(12, 16, 4),
		(12, 22, 5),
		(12, 26, 6),
		(12, 30, 7),
		(12, 34, 8),
		(12, 37, 9),
		(12, 42, 10),
		(13, 2, 1),
		(13, 6, 2),
		(13, 10, 3),
		(13, 16, 4),
		(13, 22, 5),
		(13, 26, 6),
		(13, 30, 7),
		(13, 34, 8),
		(13, 37, 9),
		(13, 42, 10),
		(14, 3, 1),
		(14, 7, 2),
		(14, 10, 3),
		(14, 16, 4),
		(14, 22, 5),
		(14, 26, 6),
		(14, 30, 7),
		(14, 34, 8),
		(14, 37, 9),
		(14, 42, 10),
		(15, 2, 1),
		(15, 6, 2),
		(15, 10, 3),
		(15, 16, 4),
		(15, 22, 5),
		(15, 27, 6),
		(15, 31, 7),
		(15, 35, 8),
		(15, 38, 9),
		(15, 42, 10),
		(16, 4, 1),
		(16, 8, 2),
		(16, 14, 3),
		(16, 20, 4),
		(16, 25, 5),
		(16, 29, 6),
		(16, 33, 7),
		(16, 36, 8),
		(16, 41, 9),
		(16, 43, 10);
